language,case,ns_per_op,ops_per_second,checksum
Nim-ARC,direct2,4.929425000,202863417.133,26756370240
Nim-ARC,pipe2,3.090651667,323556358.934,26756370240
Nim-ARC,compose2,12.127856333,82454802.606,26756370240
Nim-ARC,direct3,8.782552000,113862121.169,324207267022400
Nim-ARC,pipe3,8.834169333,113196834.051,324207267022400
Nim-ARC,compose3,15.031863333,66525352.036,324207267022400
Nim-ARC,direct4,11.589595000,86284292.074,-324207267022400
Nim-ARC,pipe4,12.025588333,83156014.681,-324207267022400
Nim-ARC,compose4,17.724865000,56417919.121,-324207267022400
Nim-ORC,direct2,2.629026667,380368907.124,26756370240
Nim-ORC,pipe2,4.881124667,204870817.340,26756370240
Nim-ORC,compose2,11.932172333,83807036.310,26756370240
Nim-ORC,direct3,8.498308000,117670482.171,324207267022400
Nim-ORC,pipe3,8.437516333,118518289.091,324207267022400
Nim-ORC,compose3,14.879773667,67205323.307,324207267022400
Nim-ORC,direct4,11.320696000,88333791.491,-324207267022400
Nim-ORC,pipe4,11.387195000,87817939.361,-324207267022400
Nim-ORC,compose4,17.244629667,57989067.862,-324207267022400
Haskell,direct2,15.639550000,63940458.645,26756370240
Haskell,pipe2,14.958007000,66853826.182,26756370240
Haskell,compose2,16.742191000,59729338.890,26756370240
Haskell,direct3,21.517840000,46473066.070,324207267022400
Haskell,pipe3,21.407585000,46712415.249,324207267022400
Haskell,compose3,23.870054000,41893495.507,324207267022400
Haskell,direct4,27.332277000,36586779.799,-324207267022400
Haskell,pipe4,30.578991000,32702190.860,-324207267022400
Haskell,compose4,39.009311000,25634905.472,-324207267022400
Elixir,direct2,18.901412000,52906100.348,26756370240
Elixir,pipe2,19.478766000,51337954.365,26756370240
Elixir,compose2,47.024476000,21265521.385,26756370240
Elixir,direct3,24.215862000,41295246.892,324207267022400
Elixir,pipe3,24.192073000,41335854.104,324207267022400
Elixir,compose3,60.369359000,16564694.682,324207267022400
Elixir,direct4,29.053461000,34419307.221,-324207267022400
Elixir,pipe4,29.371879000,34046170.488,-324207267022400
Elixir,compose4,69.566492000,14374736.619,-324207267022400
F#,direct2,16.752126000,59693915.865,26756370240
F#,pipe2,16.633051000,60121260.976,26756370240
F#,compose2,17.789979000,56211421.048,26756370240
F#,direct3,25.352699000,39443532.225,324207267022400
F#,pipe3,20.206659000,49488636.395,324207267022400
F#,compose3,35.072091000,28512699.742,324207267022400
F#,direct4,32.484629000,30783790.081,-324207267022400
F#,pipe4,33.896383000,29501672.789,-324207267022400
F#,compose4,31.178835000,32073039.291,-324207267022400
OCaml,direct2,8.284940000,120700934.467,26756370240
OCaml,pipe2,8.442635000,118446432.897,26756370240
OCaml,compose2,25.897339000,38614005.864,26756370240
OCaml,direct3,11.594265000,86249538.026,324207267022400
OCaml,pipe3,11.541380000,86644751.321,324207267022400
OCaml,compose3,46.837439000,21350441.471,324207267022400
OCaml,direct4,15.441760000,64759457.471,-324207267022400
OCaml,pipe4,15.580579000,64182467.160,-324207267022400
OCaml,compose4,65.828252000,15191045.936,-324207267022400
